mean_fit_time,std_fit_time,mean_score_time,std_score_time,param_max_depth,param_max_features,param_min_samples_leaf,param_min_samples_split,param_n_estimators,params,split0_test_score,split1_test_score,split2_test_score,split3_test_score,split4_test_score,mean_test_score,std_test_score,rank_test_score
0.11053047180175782,0.0063744698044165445,0.006566667556762695,0.0011355730566795187,,0.5,1,4,100,"{'max_depth': None, 'max_features': 0.5, 'min_samples_leaf': 1, 'min_samples_split': 4, 'n_estimators': 100}",-6578.455026455029,-5589.131497175141,-5447.521779538728,-6359.421422457015,-6971.279685474597,-6189.161882220103,583.4915982668612,25
0.22720065116882324,0.018242539810433698,0.012746429443359375,0.004931479206175118,,0.5,1,4,200,"{'max_depth': None, 'max_features': 0.5, 'min_samples_leaf': 1, 'min_samples_split': 4, 'n_estimators': 200}",-6688.900462962958,-5519.558405789125,-5466.783473353383,-6472.852907403333,-7063.154975909211,-6242.250045083602,640.3422195565139,43
0.5567823886871338,0.036313932553758456,0.021343374252319337,0.001535048274995541,,0.5,1,4,500,"{'max_depth': None, 'max_features': 0.5, 'min_samples_leaf': 1, 'min_samples_split': 4, 'n_estimators': 500}",-6736.7767977393105,-5423.4723158950255,-5406.5638540367345,-6400.470365152742,-7089.5089943013645,-6211.358465425035,685.774749762221,33
0.13839225769042968,0.0468320251045821,0.00631418228149414,0.0006254345585817266,,0.5,1,10,100,"{'max_depth': None, 'max_features': 0.5, 'min_samples_leaf': 1, 'min_samples_split': 10, 'n_estimators': 100}",-6983.494990514413,-5495.726948446203,-5795.5732299388155,-6935.480354740273,-7365.450970365042,-6515.14529880095,731.5805442191853,113
0.22927160263061525,0.019586167918340985,0.009578180313110352,0.0005084379229781799,,0.5,1,10,200,"{'max_depth': None, 'max_features': 0.5, 'min_samples_leaf': 1, 'min_samples_split': 10, 'n_estimators': 200}",-7139.271437607532,-5576.061687796504,-5777.588758829469,-6904.055232076659,-7355.915010930177,-6550.578425448068,730.3791108688545,137
0.6054574966430664,0.08822194451820335,0.02183213233947754,0.0012529277351095473,,0.5,1,10,500,"{'max_depth': None, 'max_features': 0.5, 'min_samples_leaf': 1, 'min_samples_split': 10, 'n_estimators': 500}",-7081.997097392597,-5537.624221997664,-5841.39275421959,-6783.496839362423,-7338.715594055212,-6516.645301405497,704.426041398093,119
0.12586278915405275,0.02844614925865771,0.007961177825927734,0.0032514136275330905,,0.5,1,20,100,"{'max_depth': None, 'max_features': 0.5, 'min_samples_leaf': 1, 'min_samples_split': 20, 'n_estimators': 100}",-7278.510755518272,-5979.963462659225,-6778.423399726193,-7428.562269466385,-7155.484722771873,-6924.188922028389,518.8917976511003,209
0.21481690406799317,0.02386757898391905,0.009975242614746093,0.0007776790323180764,,0.5,1,20,200,"{'max_depth': None, 'max_features': 0.5, 'min_samples_leaf': 1, 'min_samples_split': 20, 'n_estimators': 200}",-7258.559901949715,-5903.476774008421,-6671.891129500231,-7382.505182687061,-7059.534962889421,-6855.19359020697,533.2695348393404,193
0.5734462261199951,0.14919167628260724,0.02104010581970215,0.000879031713478937,,0.5,1,20,500,"{'max_depth': None, 'max_features': 0.5, 'min_samples_leaf': 1, 'min_samples_split': 20, 'n_estimators': 500}",-7198.460160230942,-5955.915893474531,-6669.79791091985,-7235.4460641151645,-7088.716288338355,-6829.6672634157685,480.99286886467746,177
0.10710353851318359,0.0012759497187544795,0.005567312240600586,0.00019499357595544487,,0.5,2,4,100,"{'max_depth': None, 'max_features': 0.5, 'min_samples_leaf': 2, 'min_samples_split': 4, 'n_estimators': 100}",-6383.820001757499,-5578.775911902313,-5797.014221436869,-6519.180261582332,-6637.023392110896,-6183.162757757982,417.9843823415798,19
0.2287393569946289,0.01403570300118914,0.011052799224853516,0.0019307229064678228,,0.5,2,4,200,"{'max_depth': None, 'max_features': 0.5, 'min_samples_leaf': 2, 'min_samples_split': 4, 'n_estimators': 200}",-6392.5476614888385,-5532.309994555622,-5664.2188596603355,-6573.475351189914,-6599.443447850235,-6152.399062948988,459.9251320802217,9
0.5325817584991455,0.00782696967238388,0.030556869506835938,0.010696240446620554,,0.5,2,4,500,"{'max_depth': None, 'max_features': 0.5, 'min_samples_leaf': 2, 'min_samples_split': 4, 'n_estimators': 500}",-6426.972731114206,-5496.613109847004,-5568.751213037905,-6621.349937298454,-6572.0706862168,-6137.151535502874,498.19022204468854,1
0.10503621101379394,0.002268035381146517,0.005417585372924805,0.00017911358204198555,,0.5,2,10,100,"{'max_depth': None, 'max_features': 0.5, 'min_samples_leaf': 2, 'min_samples_split': 10, 'n_estimators': 100}",-6716.540654584274,-5874.540050403735,-5959.61032353448,-6985.026151071723,-6876.863071934258,-6482.516050305694,470.28899748853746,89
0.2160573959350586,0.01060315446985317,0.009543371200561524,0.0003594133754969106,,0.5,2,10,200,"{'max_depth': None, 'max_features': 0.5, 'min_samples_leaf': 2, 'min_samples_split': 10, 'n_estimators': 200}",-6839.864777780693,-5787.155742440166,-6050.164849802127,-6984.536423888922,-6851.93122874737,-6502.730604531856,486.74439285987586,97
0.5238807678222657,0.03554500549891156,0.02881908416748047,0.01633166270499378,,0.5,2,10,500,"{'max_depth': None, 'max_features': 0.5, 'min_samples_leaf': 2, 'min_samples_split': 10, 'n_estimators': 500}",-6799.247896890645,-5711.747183663311,-6057.530517815727,-6818.883698215961,-6845.205054052653,-6446.52287012766,471.8528105575047,59
0.1045651912689209,0.004848152379537722,0.00571751594543457,0.0006369391139935211,,0.5,2,20,100,"{'max_depth': None, 'max_features': 0.5, 'min_samples_leaf': 2, 'min_samples_split': 20, 'n_estimators': 100}",-7156.790532049346,-5993.039281204967,-6781.856452481054,-7312.813179264832,-7001.674630819155,-6849.234815163871,462.67568602153045,185
0.27231693267822266,0.0716657729504645,0.010415458679199218,0.0014709844268585208,,0.5,2,20,200,"{'max_depth': None, 'max_features': 0.5, 'min_samples_leaf': 2, 'min_samples_split': 20, 'n_estimators': 200}",-7039.097992754026,-5954.635793309403,-6735.829107517187,-7282.328588684245,-6896.201151419986,-6781.61852673697,450.8065065490373,161
0.5330844402313233,0.013684337289183387,0.02107377052307129,0.0008284737272493533,,0.5,2,20,500,"{'max_depth': None, 'max_features': 0.5, 'min_samples_leaf': 2, 'min_samples_split': 20, 'n_estimators': 500}",-7057.7006132825345,-5938.408139228096,-6706.8055137610845,-7157.452777918,-6895.514035170337,-6751.17621587201,434.14558912255563,145
0.11597504615783691,0.013204360152518392,0.006087255477905273,0.0005351764463142477,,0.5,4,4,100,"{'max_depth': None, 'max_features': 0.5, 'min_samples_leaf': 4, 'min_samples_split': 4, 'n_estimators': 100}",-6389.941596383853,-6000.222030886632,-6499.431195972884,-6994.6923615144815,-6764.293580021557,-6529.716152955882,338.24475588086744,129
0.2146974563598633,0.016147517128072473,0.010705852508544922,0.002286854589949839,,0.5,4,4,200,"{'max_depth': None, 'max_features': 0.5, 'min_samples_leaf': 4, 'min_samples_split': 4, 'n_estimators': 200}",-6408.825655543179,-6049.301080468775,-6332.251619212864,-7014.00417699622,-6725.471523479709,-6505.970811140149,332.99887247614413,105
0.5778872489929199,0.04036940428045433,0.021482467651367188,0.0012098823333900805,,0.5,4,4,500,"{'max_depth': None, 'max_features': 0.5, 'min_samples_leaf': 4, 'min_samples_split': 4, 'n_estimators': 500}",-6415.218014828818,-5965.189778414131,-6265.430415442306,-6886.061693244813,-6727.4352388040725,-6451.8670281468285,327.84732790300063,67
0.10918135643005371,0.008835797734987284,0.006325531005859375,0.0008779877317493333,,0.5,4,10,100,"{'max_depth': None, 'max_features': 0.5, 'min_samples_leaf': 4, 'min_samples_split': 10, 'n_estimators': 100}",-6445.606557844821,-5942.882517609117,-6344.689674796039,-6998.078124059496,-6670.767652996575,-6480.40490546121,350.0809629719016,81
0.2115598201751709,0.006646304901726512,0.009555768966674805,0.00039432516939417436,,0.5,4,10,200,"{'max_depth': None, 'max_features': 0.5, 'min_samples_leaf': 4, 'min_samples_split': 10, 'n_estimators': 200}",-6444.695498526596,-5953.407601131304,-6226.254311508061,-7020.308867198448,-6661.502927828805,-6461.233841238643,364.97917146304064,73
0.5468424320220947,0.047932066037400994,0.024661779403686523,0.007727589179641442,,0.5,4,10,500,"{'max_depth': None, 'max_features': 0.5, 'min_samples_leaf': 4, 'min_samples_split': 10, 'n_estimators': 500}",-6473.78863758165,-5937.7618180706995,-6220.756796795325,-6898.481368348345,-6667.261365810534,-6439.60999732131,335.6499898915277,49
0.1049269676208496,0.0046373380773505725,0.005282163619995117,7.901509692389851e-05,,0.5,4,20,100,"{'max_depth': None, 'max_features': 0.5, 'min_samples_leaf': 4, 'min_samples_split': 20, 'n_estimators': 100}",-7042.6258161238675,-6179.492381043499,-6759.018729233784,-7306.254612717992,-7111.968733579697,-6879.872054539768,391.738932079516,201
0.20468535423278808,0.004005459602579626,0.009166765213012695,0.00037918276709594074,,0.5,4,20,200,"{'max_depth': None, 'max_features': 0.5, 'min_samples_leaf': 4, 'min_samples_split': 20, 'n_estimators': 200}",-6911.5212476652005,-6054.590558202972,-6779.325499789424,-7361.89966394498,-6927.08452718346,-6806.884299357206,424.2981030036886,169
0.5382479667663574,0.061592550258765526,0.02042098045349121,0.0004224509301742728,,0.5,4,20,500,"{'max_depth': None, 'max_features': 0.5, 'min_samples_leaf': 4, 'min_samples_split': 20, 'n_estimators': 500}",-6957.24108021297,-5989.346609630768,-6741.361025332657,-7209.84857407829,-6947.135812248052,-6768.986620300549,417.1661199790075,153
0.11361284255981445,0.0028835515800697373,0.005883359909057617,0.0005421011602482831,,sqrt,1,4,100,"{'max_depth': None, 'max_features': 'sqrt', 'min_samples_leaf': 1, 'min_samples_split': 4, 'n_estimators': 100}",-6578.455026455029,-5589.131497175141,-5447.521779538728,-6359.421422457015,-6971.279685474597,-6189.161882220103,583.4915982668612,25
0.22822318077087403,0.013407829900070783,0.01039423942565918,0.0007042961275154561,,sqrt,1,4,200,"{'max_depth': None, 'max_features': 'sqrt', 'min_samples_leaf': 1, 'min_samples_split': 4, 'n_estimators': 200}",-6688.900462962958,-5519.558405789125,-5466.783473353383,-6472.852907403333,-7063.154975909211,-6242.250045083602,640.3422195565139,43
0.5886190891265869,0.04089574780011168,0.022999048233032227,0.001334555198041764,,sqrt,1,4,500,"{'max_depth': None, 'max_features': 'sqrt', 'min_samples_leaf': 1, 'min_samples_split': 4, 'n_estimators': 500}",-6736.7767977393105,-5423.4723158950255,-5406.5638540367345,-6400.470365152742,-7089.5089943013645,-6211.358465425035,685.774749762221,33
0.1309128761291504,0.03636347371353234,0.007854080200195313,0.002742821730351512,,sqrt,1,10,100,"{'max_depth': None, 'max_features': 'sqrt', 'min_samples_leaf': 1, 'min_samples_split': 10, 'n_estimators': 100}",-6983.494990514413,-5495.726948446203,-5795.5732299388155,-6935.480354740273,-7365.450970365042,-6515.14529880095,731.5805442191853,113
0.24606013298034668,0.023054523739995843,0.010213422775268554,0.0015198468352260984,,sqrt,1,10,200,"{'max_depth': None, 'max_features': 'sqrt', 'min_samples_leaf': 1, 'min_samples_split': 10, 'n_estimators': 200}",-7139.271437607532,-5576.061687796504,-5777.588758829469,-6904.055232076659,-7355.915010930177,-6550.578425448068,730.3791108688545,137
0.5762102603912354,0.06846733095393741,0.021744489669799805,0.0007684511974917992,,sqrt,1,10,500,"{'max_depth': None, 'max_features': 'sqrt', 'min_samples_leaf': 1, 'min_samples_split': 10, 'n_estimators': 500}",-7081.997097392597,-5537.624221997664,-5841.39275421959,-6783.496839362423,-7338.715594055212,-6516.645301405497,704.426041398093,119
0.11383676528930664,0.018757446911330196,0.007691097259521484,0.004149573389513631,,sqrt,1,20,100,"{'max_depth': None, 'max_features': 'sqrt', 'min_samples_leaf': 1, 'min_samples_split': 20, 'n_estimators': 100}",-7278.510755518272,-5979.963462659225,-6778.423399726193,-7428.562269466385,-7155.484722771873,-6924.188922028389,518.8917976511003,209
0.21561942100524903,0.016890168494224447,0.010895204544067384,0.0029428598753670375,,sqrt,1,20,200,"{'max_depth': None, 'max_features': 'sqrt', 'min_samples_leaf': 1, 'min_samples_split': 20, 'n_estimators': 200}",-7258.559901949715,-5903.476774008421,-6671.891129500231,-7382.505182687061,-7059.534962889421,-6855.19359020697,533.2695348393404,193
0.5546124935150146,0.05872565072712493,0.021228981018066407,0.0010206365758090197,,sqrt,1,20,500,"{'max_depth': None, 'max_features': 'sqrt', 'min_samples_leaf': 1, 'min_samples_split': 20, 'n_estimators': 500}",-7198.460160230942,-5955.915893474531,-6669.79791091985,-7235.4460641151645,-7088.716288338355,-6829.6672634157685,480.99286886467746,177
0.11147837638854981,0.008574616437876844,0.005606842041015625,8.695310912838751e-05,,sqrt,2,4,100,"{'max_depth': None, 'max_features': 'sqrt', 'min_samples_leaf': 2, 'min_samples_split': 4, 'n_estimators': 100}",-6383.820001757499,-5578.775911902313,-5797.014221436869,-6519.180261582332,-6637.023392110896,-6183.162757757982,417.9843823415798,19
0.23023948669433594,0.03582606757009243,0.011459636688232421,0.0028230692476725497,,sqrt,2,4,200,"{'max_depth': None, 'max_features': 'sqrt', 'min_samples_leaf': 2, 'min_samples_split': 4, 'n_estimators': 200}",-6392.5476614888385,-5532.309994555622,-5664.2188596603355,-6573.475351189914,-6599.443447850235,-6152.399062948988,459.9251320802217,9
0.5476093769073487,0.01935445636537364,0.02321038246154785,0.0017846147488975418,,sqrt,2,4,500,"{'max_depth': None, 'max_features': 'sqrt', 'min_samples_leaf': 2, 'min_samples_split': 4, 'n_estimators': 500}",-6426.972731114206,-5496.613109847004,-5568.751213037905,-6621.349937298454,-6572.0706862168,-6137.151535502874,498.19022204468854,1
0.1083308219909668,0.010250278817193958,0.005562448501586914,0.00010530628817423586,,sqrt,2,10,100,"{'max_depth': None, 'max_features': 'sqrt', 'min_samples_leaf': 2, 'min_samples_split': 10, 'n_estimators': 100}",-6716.540654584274,-5874.540050403735,-5959.61032353448,-6985.026151071723,-6876.863071934258,-6482.516050305694,470.28899748853746,89
0.24125409126281738,0.04064974649211905,0.011446332931518555,0.0024644996301870148,,sqrt,2,10,200,"{'max_depth': None, 'max_features': 'sqrt', 'min_samples_leaf': 2, 'min_samples_split': 10, 'n_estimators': 200}",-6839.864777780693,-5787.155742440166,-6050.164849802127,-6984.536423888922,-6851.93122874737,-6502.730604531856,486.74439285987586,97
0.5609044075012207,0.03687682476412498,0.02259526252746582,0.0018771313229874079,,sqrt,2,10,500,"{'max_depth': None, 'max_features': 'sqrt', 'min_samples_leaf': 2, 'min_samples_split': 10, 'n_estimators': 500}",-6799.247896890645,-5711.747183663311,-6057.530517815727,-6818.883698215961,-6845.205054052653,-6446.52287012766,471.8528105575047,59
0.10733394622802735,0.004760334426029451,0.005859184265136719,0.0004989399999728191,,sqrt,2,20,100,"{'max_depth': None, 'max_features': 'sqrt', 'min_samples_leaf': 2, 'min_samples_split': 20, 'n_estimators': 100}",-7156.790532049346,-5993.039281204967,-6781.856452481054,-7312.813179264832,-7001.674630819155,-6849.234815163871,462.67568602153045,185
0.221368408203125,0.01346657742546435,0.01003580093383789,0.0015739455075148975,,sqrt,2,20,200,"{'max_depth': None, 'max_features': 'sqrt', 'min_samples_leaf': 2, 'min_samples_split': 20, 'n_estimators': 200}",-7039.097992754026,-5954.635793309403,-6735.829107517187,-7282.328588684245,-6896.201151419986,-6781.61852673697,450.8065065490373,161
0.5437499523162842,0.06669856438683386,0.022425174713134766,0.002587640410458305,,sqrt,2,20,500,"{'max_depth': None, 'max_features': 'sqrt', 'min_samples_leaf': 2, 'min_samples_split': 20, 'n_estimators': 500}",-7057.7006132825345,-5938.408139228096,-6706.8055137610845,-7157.452777918,-6895.514035170337,-6751.17621587201,434.14558912255563,145
0.12520194053649902,0.04116926318126618,0.007161951065063477,0.00306963053248393,,sqrt,4,4,100,"{'max_depth': None, 'max_features': 'sqrt', 'min_samples_leaf': 4, 'min_samples_split': 4, 'n_estimators': 100}",-6389.941596383853,-6000.222030886632,-6499.431195972884,-6994.6923615144815,-6764.293580021557,-6529.716152955882,338.24475588086744,129
0.22953662872314454,0.006589020063411778,0.012201023101806641,0.00198015632459191,,sqrt,4,4,200,"{'max_depth': None, 'max_features': 'sqrt', 'min_samples_leaf': 4, 'min_samples_split': 4, 'n_estimators': 200}",-6408.825655543179,-6049.301080468775,-6332.251619212864,-7014.00417699622,-6725.471523479709,-6505.970811140149,332.99887247614413,105
0.5744409561157227,0.08156966261852397,0.024526643753051757,0.005748316424485267,,sqrt,4,4,500,"{'max_depth': None, 'max_features': 'sqrt', 'min_samples_leaf': 4, 'min_samples_split': 4, 'n_estimators': 500}",-6415.218014828818,-5965.189778414131,-6265.430415442306,-6886.061693244813,-6727.4352388040725,-6451.8670281468285,327.84732790300063,67
0.1358175754547119,0.028287349548654347,0.0062217235565185545,0.0015519357800032965,,sqrt,4,10,100,"{'max_depth': None, 'max_features': 'sqrt', 'min_samples_leaf': 4, 'min_samples_split': 10, 'n_estimators': 100}",-6445.606557844821,-5942.882517609117,-6344.689674796039,-6998.078124059496,-6670.767652996575,-6480.40490546121,350.0809629719016,81
0.23826017379760742,0.028907414371722347,0.009460639953613282,0.0003832917331960954,,sqrt,4,10,200,"{'max_depth': None, 'max_features': 'sqrt', 'min_samples_leaf': 4, 'min_samples_split': 10, 'n_estimators': 200}",-6444.695498526596,-5953.407601131304,-6226.254311508061,-7020.308867198448,-6661.502927828805,-6461.233841238643,364.97917146304064,73
0.5415620803833008,0.05562552162067107,0.023802852630615233,0.003998371669707171,,sqrt,4,10,500,"{'max_depth': None, 'max_features': 'sqrt', 'min_samples_leaf': 4, 'min_samples_split': 10, 'n_estimators': 500}",-6473.78863758165,-5937.7618180706995,-6220.756796795325,-6898.481368348345,-6667.261365810534,-6439.60999732131,335.6499898915277,49
0.11069326400756836,0.0076791427164400175,0.005669736862182617,0.0006645032751044698,,sqrt,4,20,100,"{'max_depth': None, 'max_features': 'sqrt', 'min_samples_leaf': 4, 'min_samples_split': 20, 'n_estimators': 100}",-7042.6258161238675,-6179.492381043499,-6759.018729233784,-7306.254612717992,-7111.968733579697,-6879.872054539768,391.738932079516,201
0.2141695499420166,0.007232810188266913,0.009949254989624023,0.0005791783429742827,,sqrt,4,20,200,"{'max_depth': None, 'max_features': 'sqrt', 'min_samples_leaf': 4, 'min_samples_split': 20, 'n_estimators': 200}",-6911.5212476652005,-6054.590558202972,-6779.325499789424,-7361.89966394498,-6927.08452718346,-6806.884299357206,424.2981030036886,169
0.546899938583374,0.028439009490639978,0.021497774124145507,0.0014250738620907838,,sqrt,4,20,500,"{'max_depth': None, 'max_features': 'sqrt', 'min_samples_leaf': 4, 'min_samples_split': 20, 'n_estimators': 500}",-6957.24108021297,-5989.346609630768,-6741.361025332657,-7209.84857407829,-6947.135812248052,-6768.986620300549,417.1661199790075,153
0.1259929656982422,0.025777761022057262,0.005612373352050781,0.00024455996538490845,10,0.5,1,4,100,"{'max_depth': 10, 'max_features': 0.5, 'min_samples_leaf': 1, 'min_samples_split': 4, 'n_estimators': 100}",-6689.267766955264,-5487.988589733631,-5336.111490204709,-6394.468960218908,-6954.654028949887,-6172.49816721248,647.485239886251,17
0.23576726913452148,0.03196406918081579,0.009547281265258788,0.000269931757942532,10,0.5,1,4,200,"{'max_depth': 10, 'max_features': 0.5, 'min_samples_leaf': 1, 'min_samples_split': 4, 'n_estimators': 200}",-6752.658641127391,-5467.66177805937,-5398.906223794049,-6442.458924309328,-7111.726831936204,-6234.682479845268,688.1162484947474,41
0.5745657444000244,0.036803490486443456,0.027837419509887697,0.005396470680835038,10,0.5,1,4,500,"{'max_depth': 10, 'max_features': 0.5, 'min_samples_leaf': 1, 'min_samples_split': 4, 'n_estimators': 500}",-6779.070831020835,-5385.132628414014,-5427.376505094671,-6409.993640011265,-7077.828875704997,-6215.880496049156,694.2188183256314,39
0.14290437698364258,0.04348039600682728,0.008837366104125976,0.002854983677503135,10,0.5,1,10,100,"{'max_depth': 10, 'max_features': 0.5, 'min_samples_leaf': 1, 'min_samples_split': 10, 'n_estimators': 100}",-6982.975149244573,-5506.203506063837,-5797.29956151684,-6938.544990198977,-7386.047940001146,-6522.214229405075,733.432978923179,127
0.20842361450195312,0.007088860417949428,0.009285783767700196,0.000365856447358658,10,0.5,1,10,200,"{'max_depth': 10, 'max_features': 0.5, 'min_samples_leaf': 1, 'min_samples_split': 10, 'n_estimators': 200}",-7150.379523965617,-5580.07132554991,-5779.720911046369,-6902.265549301807,-7368.833964138258,-6556.254254800393,733.3391549252858,143
0.5861598491668701,0.0610801139662878,0.029767704010009766,0.010102014875060367,10,0.5,1,10,500,"{'max_depth': 10, 'max_features': 0.5, 'min_samples_leaf': 1, 'min_samples_split': 10, 'n_estimators': 500}",-7085.696512159117,-5536.121229666025,-5838.885105839674,-6782.780966252484,-7343.535277344002,-6517.403818252262,706.9905184776146,125
0.1029543399810791,0.0029862216708211654,0.006198787689208984,0.0016112035572017256,10,0.5,1,20,100,"{'max_depth': 10, 'max_features': 0.5, 'min_samples_leaf': 1, 'min_samples_split': 20, 'n_estimators': 100}",-7278.510755518272,-5979.963462659225,-6778.423399726193,-7428.562269466385,-7155.484722771873,-6924.188922028389,518.8917976511003,209
0.21883087158203124,0.019771947143656207,0.011427783966064453,0.0030378083158626432,10,0.5,1,20,200,"{'max_depth': 10, 'max_features': 0.5, 'min_samples_leaf': 1, 'min_samples_split': 20, 'n_estimators': 200}",-7258.559901949715,-5903.476774008421,-6671.891129500231,-7382.505182687061,-7059.534962889421,-6855.19359020697,533.2695348393404,193
0.5473357677459717,0.0309129554172657,0.020882797241210938,0.0010898252190868626,10,0.5,1,20,500,"{'max_depth': 10, 'max_features': 0.5, 'min_samples_leaf': 1, 'min_samples_split': 20, 'n_estimators': 500}",-7198.460160230942,-5955.915893474531,-6669.79791091985,-7235.4460641151645,-7088.716288338355,-6829.6672634157685,480.99286886467746,177
0.11499361991882324,0.01135622004635916,0.005634021759033203,0.0002762019875423166,10,0.5,2,4,100,"{'max_depth': 10, 'max_features': 0.5, 'min_samples_leaf': 2, 'min_samples_split': 4, 'n_estimators': 100}",-6466.6090229215215,-5582.617719811918,-5803.629435319033,-6496.980112390659,-6701.1449344104085,-6210.196244970708,435.47089246519806,31
0.2223762035369873,0.00717446305938381,0.009830284118652343,0.00017116696631461038,10,0.5,2,4,200,"{'max_depth': 10, 'max_features': 0.5, 'min_samples_leaf': 2, 'min_samples_split': 4, 'n_estimators': 200}",-6453.655285346459,-5537.973048544951,-5658.935777629374,-6579.438940919394,-6632.197007849559,-6172.440012057947,473.7808733517853,15
0.6035120010375976,0.10106186816558307,0.02849411964416504,0.008078166395516987,10,0.5,2,4,500,"{'max_depth': 10, 'max_features': 0.5, 'min_samples_leaf': 2, 'min_samples_split': 4, 'n_estimators': 500}",-6463.443841022816,-5497.422508075896,-5557.87166697192,-6625.154083011497,-6590.918982223992,-6146.962216261224,508.8919724368667,7
0.12071614265441895,0.026318126776504722,0.0054591655731201175,0.00036607194537761765,10,0.5,2,10,100,"{'max_depth': 10, 'max_features': 0.5, 'min_samples_leaf': 2, 'min_samples_split': 10, 'n_estimators': 100}",-6716.540654584274,-5874.540050403735,-5959.61032353448,-6985.026151071723,-6876.863071934258,-6482.516050305694,470.28899748853746,89
0.21077923774719237,0.007082588351281408,0.009142684936523437,0.00014195542307927732,10,0.5,2,10,200,"{'max_depth': 10, 'max_features': 0.5, 'min_samples_leaf': 2, 'min_samples_split': 10, 'n_estimators': 200}",-6839.864777780693,-5787.155742440166,-6050.164849802127,-6984.536423888922,-6851.93122874737,-6502.730604531856,486.74439285987586,97
0.5625551223754883,0.03144055664452667,0.03548731803894043,0.0207874811854664,10,0.5,2,10,500,"{'max_depth': 10, 'max_features': 0.5, 'min_samples_leaf': 2, 'min_samples_split': 10, 'n_estimators': 500}",-6799.247896890645,-5711.499720923326,-6057.530517815727,-6818.883698215961,-6845.205054052653,-6446.473377579663,471.9298851216401,57
0.10296897888183594,0.001498367120764696,0.005302524566650391,0.00014327568869267114,10,0.5,2,20,100,"{'max_depth': 10, 'max_features': 0.5, 'min_samples_leaf': 2, 'min_samples_split': 20, 'n_estimators': 100}",-7156.790532049346,-5993.039281204967,-6781.856452481054,-7312.813179264832,-7001.674630819155,-6849.234815163871,462.67568602153045,185
0.24426641464233398,0.05610787347862309,0.012440967559814452,0.004177697527773463,10,0.5,2,20,200,"{'max_depth': 10, 'max_features': 0.5, 'min_samples_leaf': 2, 'min_samples_split': 20, 'n_estimators': 200}",-7039.097992754026,-5954.635793309403,-6735.829107517187,-7282.328588684245,-6896.201151419986,-6781.61852673697,450.8065065490373,161
0.5431245326995849,0.01340176497734361,0.02168560028076172,0.0007536993921380351,10,0.5,2,20,500,"{'max_depth': 10, 'max_features': 0.5, 'min_samples_leaf': 2, 'min_samples_split': 20, 'n_estimators': 500}",-7057.7006132825345,-5938.408139228096,-6706.8055137610845,-7157.452777918,-6895.514035170337,-6751.17621587201,434.14558912255563,145
0.1216573715209961,0.018405600060241147,0.006261014938354492,0.0011706915937008744,10,0.5,4,4,100,"{'max_depth': 10, 'max_features': 0.5, 'min_samples_leaf': 4, 'min_samples_split': 4, 'n_estimators': 100}",-6389.941596383853,-6000.222030886632,-6499.431195972884,-6994.6923615144815,-6764.293580021557,-6529.716152955882,338.24475588086744,129
0.2225889205932617,0.012144341889125025,0.010120534896850586,0.0008972287075880523,10,0.5,4,4,200,"{'max_depth': 10, 'max_features': 0.5, 'min_samples_leaf': 4, 'min_samples_split': 4, 'n_estimators': 200}",-6408.825655543179,-6049.301080468775,-6332.251619212864,-7014.00417699622,-6725.471523479709,-6505.970811140149,332.99887247614413,105
0.5575035572052002,0.06755529416042431,0.021541738510131837,0.0024006653100257834,10,0.5,4,4,500,"{'max_depth': 10, 'max_features': 0.5, 'min_samples_leaf': 4, 'min_samples_split': 4, 'n_estimators': 500}",-6415.218014828818,-5965.189778414131,-6265.430415442306,-6885.228431126406,-6727.4352388040725,-6451.700375723147,327.6267118515867,65
0.11194076538085937,0.009994657072182965,0.007328510284423828,0.0025031127679676747,10,0.5,4,10,100,"{'max_depth': 10, 'max_features': 0.5, 'min_samples_leaf': 4, 'min_samples_split': 10, 'n_estimators': 100}",-6445.606557844821,-5942.882517609117,-6344.689674796039,-6998.078124059496,-6670.767652996575,-6480.40490546121,350.0809629719016,81
0.24635014533996583,0.044653426488799365,0.009615755081176758,0.0005906948281642478,10,0.5,4,10,200,"{'max_depth': 10, 'max_features': 0.5, 'min_samples_leaf': 4, 'min_samples_split': 10, 'n_estimators': 200}",-6444.695498526596,-5953.407601131304,-6226.254311508061,-7020.308867198448,-6661.502927828805,-6461.233841238643,364.97917146304064,73
0.6052552700042725,0.08125528510065053,0.021534299850463866,0.0006428848933601554,10,0.5,4,10,500,"{'max_depth': 10, 'max_features': 0.5, 'min_samples_leaf': 4, 'min_samples_split': 10, 'n_estimators': 500}",-6473.78863758165,-5937.7618180706995,-6220.756796795325,-6898.481368348345,-6667.261365810534,-6439.60999732131,335.6499898915277,49
0.11071910858154296,0.012861927083303415,0.00610055923461914,0.0013911287787949725,10,0.5,4,20,100,"{'max_depth': 10, 'max_features': 0.5, 'min_samples_leaf': 4, 'min_samples_split': 20, 'n_estimators': 100}",-7042.6258161238675,-6179.492381043499,-6759.018729233784,-7306.254612717992,-7111.968733579697,-6879.872054539768,391.738932079516,201
0.20433712005615234,0.014949249830191927,0.009227800369262695,0.0005779313057374017,10,0.5,4,20,200,"{'max_depth': 10, 'max_features': 0.5, 'min_samples_leaf': 4, 'min_samples_split': 20, 'n_estimators': 200}",-6911.5212476652005,-6054.590558202972,-6779.325499789424,-7361.89966394498,-6927.08452718346,-6806.884299357206,424.2981030036886,169
0.5266396045684815,0.03223649720428536,0.020966625213623045,0.0006483038722315161,10,0.5,4,20,500,"{'max_depth': 10, 'max_features': 0.5, 'min_samples_leaf': 4, 'min_samples_split': 20, 'n_estimators': 500}",-6957.24108021297,-5989.346609630768,-6741.361025332657,-7209.84857407829,-6947.135812248052,-6768.986620300549,417.1661199790075,153
0.10945014953613282,0.0035276946465716452,0.005797433853149414,0.00045655471880187855,10,sqrt,1,4,100,"{'max_depth': 10, 'max_features': 'sqrt', 'min_samples_leaf': 1, 'min_samples_split': 4, 'n_estimators': 100}",-6689.267766955264,-5487.988589733631,-5336.111490204709,-6394.468960218908,-6954.654028949887,-6172.49816721248,647.485239886251,17
0.23514461517333984,0.019095187297575655,0.012596654891967773,0.0043070678643424365,10,sqrt,1,4,200,"{'max_depth': 10, 'max_features': 'sqrt', 'min_samples_leaf': 1, 'min_samples_split': 4, 'n_estimators': 200}",-6752.658641127391,-5467.66177805937,-5398.906223794049,-6442.458924309328,-7111.726831936204,-6234.682479845268,688.1162484947474,41
0.5807667732238769,0.035956441531021864,0.027570056915283202,0.010435989124830814,10,sqrt,1,4,500,"{'max_depth': 10, 'max_features': 'sqrt', 'min_samples_leaf': 1, 'min_samples_split': 4, 'n_estimators': 500}",-6779.070831020835,-5385.132628414014,-5427.376505094671,-6409.993640011265,-7077.828875704997,-6215.880496049156,694.2188183256314,39
0.10615615844726563,0.003359947458277878,0.005667591094970703,0.0001711503076993052,10,sqrt,1,10,100,"{'max_depth': 10, 'max_features': 'sqrt', 'min_samples_leaf': 1, 'min_samples_split': 10, 'n_estimators': 100}",-6982.975149244573,-5506.203506063837,-5797.29956151684,-6938.544990198977,-7386.047940001146,-6522.214229405075,733.432978923179,127
0.259813117980957,0.07440188684176918,0.010898542404174805,0.001627744270822575,10,sqrt,1,10,200,"{'max_depth': 10, 'max_features': 'sqrt', 'min_samples_leaf': 1, 'min_samples_split': 10, 'n_estimators': 200}",-7150.379523965617,-5580.07132554991,-5779.720911046369,-6902.265549301807,-7368.833964138258,-6556.254254800393,733.3391549252858,143
0.5660732746124267,0.013311946959807237,0.023672723770141603,0.0030065549552071025,10,sqrt,1,10,500,"{'max_depth': 10, 'max_features': 'sqrt', 'min_samples_leaf': 1, 'min_samples_split': 10, 'n_estimators': 500}",-7085.696512159117,-5536.121229666025,-5838.885105839674,-6782.780966252484,-7343.535277344002,-6517.403818252262,706.9905184776146,125
0.11756768226623535,0.020973890207810802,0.0057583808898925785,0.0002537121695115948,10,sqrt,1,20,100,"{'max_depth': 10, 'max_features': 'sqrt', 'min_samples_leaf': 1, 'min_samples_split': 20, 'n_estimators': 100}",-7278.510755518272,-5979.963462659225,-6778.423399726193,-7428.562269466385,-7155.484722771873,-6924.188922028389,518.8917976511003,209
0.21480674743652345,0.012201298052241669,0.01006908416748047,0.0010947924288617415,10,sqrt,1,20,200,"{'max_depth': 10, 'max_features': 'sqrt', 'min_samples_leaf': 1, 'min_samples_split': 20, 'n_estimators': 200}",-7258.559901949715,-5903.476774008421,-6671.891129500231,-7382.505182687061,-7059.534962889421,-6855.19359020697,533.2695348393404,193
0.5673316478729248,0.05122293887896055,0.02249317169189453,0.0024291923007450245,10,sqrt,1,20,500,"{'max_depth': 10, 'max_features': 'sqrt', 'min_samples_leaf': 1, 'min_samples_split': 20, 'n_estimators': 500}",-7198.460160230942,-5955.915893474531,-6669.79791091985,-7235.4460641151645,-7088.716288338355,-6829.6672634157685,480.99286886467746,177
0.13144321441650392,0.04134004553869781,0.00826268196105957,0.003912661116037465,10,sqrt,2,4,100,"{'max_depth': 10, 'max_features': 'sqrt', 'min_samples_leaf': 2, 'min_samples_split': 4, 'n_estimators': 100}",-6466.6090229215215,-5582.617719811918,-5803.629435319033,-6496.980112390659,-6701.1449344104085,-6210.196244970708,435.47089246519806,31
0.23706607818603515,0.012072017549278953,0.010191202163696289,0.0008105605746392988,10,sqrt,2,4,200,"{'max_depth': 10, 'max_features': 'sqrt', 'min_samples_leaf': 2, 'min_samples_split': 4, 'n_estimators': 200}",-6453.655285346459,-5537.973048544951,-5658.935777629374,-6579.438940919394,-6632.197007849559,-6172.440012057947,473.7808733517853,15
0.5812461853027344,0.06599100191172294,0.02199077606201172,0.0005703431488939451,10,sqrt,2,4,500,"{'max_depth': 10, 'max_features': 'sqrt', 'min_samples_leaf': 2, 'min_samples_split': 4, 'n_estimators': 500}",-6463.443841022816,-5497.422508075896,-5557.87166697192,-6625.154083011497,-6590.918982223992,-6146.962216261224,508.8919724368667,7
0.11873044967651367,0.017301942110035322,0.007024431228637695,0.0021747733663350557,10,sqrt,2,10,100,"{'max_depth': 10, 'max_features': 'sqrt', 'min_samples_leaf': 2, 'min_samples_split': 10, 'n_estimators': 100}",-6716.540654584274,-5874.540050403735,-5959.61032353448,-6985.026151071723,-6876.863071934258,-6482.516050305694,470.28899748853746,89
0.22999873161315917,0.035320437190605986,0.01195993423461914,0.003775304873131727,10,sqrt,2,10,200,"{'max_depth': 10, 'max_features': 'sqrt', 'min_samples_leaf': 2, 'min_samples_split': 10, 'n_estimators': 200}",-6839.864777780693,-5787.155742440166,-6050.164849802127,-6984.536423888922,-6851.93122874737,-6502.730604531856,486.74439285987586,97
0.5355583667755127,0.05100426162869427,0.025493812561035157,0.009495660184236795,10,sqrt,2,10,500,"{'max_depth': 10, 'max_features': 'sqrt', 'min_samples_leaf': 2, 'min_samples_split': 10, 'n_estimators': 500}",-6799.247896890645,-5711.499720923326,-6057.530517815727,-6818.883698215961,-6845.205054052653,-6446.473377579663,471.9298851216401,57
0.10576810836791992,0.006360786909206698,0.005518627166748047,0.0002791499943309823,10,sqrt,2,20,100,"{'max_depth': 10, 'max_features': 'sqrt', 'min_samples_leaf': 2, 'min_samples_split': 20, 'n_estimators': 100}",-7156.790532049346,-5993.039281204967,-6781.856452481054,-7312.813179264832,-7001.674630819155,-6849.234815163871,462.67568602153045,185
0.20987720489501954,0.009042481374928277,0.009377479553222656,0.0002623355497822055,10,sqrt,2,20,200,"{'max_depth': 10, 'max_features': 'sqrt', 'min_samples_leaf': 2, 'min_samples_split': 20, 'n_estimators': 200}",-7039.097992754026,-5954.635793309403,-6735.829107517187,-7282.328588684245,-6896.201151419986,-6781.61852673697,450.8065065490373,161
0.5369634628295898,0.034168625022531054,0.021893119812011717,0.0017884568034337773,10,sqrt,2,20,500,"{'max_depth': 10, 'max_features': 'sqrt', 'min_samples_leaf': 2, 'min_samples_split': 20, 'n_estimators': 500}",-7057.7006132825345,-5938.408139228096,-6706.8055137610845,-7157.452777918,-6895.514035170337,-6751.17621587201,434.14558912255563,145
0.1153902530670166,0.025688039836346314,0.005405330657958984,0.00026529385429959596,10,sqrt,4,4,100,"{'max_depth': 10, 'max_features': 'sqrt', 'min_samples_leaf': 4, 'min_samples_split': 4, 'n_estimators': 100}",-6389.941596383853,-6000.222030886632,-6499.431195972884,-6994.6923615144815,-6764.293580021557,-6529.716152955882,338.24475588086744,129
0.21195559501647948,0.006241159691271791,0.010213994979858398,0.000863120259644926,10,sqrt,4,4,200,"{'max_depth': 10, 'max_features': 'sqrt', 'min_samples_leaf': 4, 'min_samples_split': 4, 'n_estimators': 200}",-6408.825655543179,-6049.301080468775,-6332.251619212864,-7014.00417699622,-6725.471523479709,-6505.970811140149,332.99887247614413,105
0.5625668525695801,0.0878353780903206,0.022959136962890626,0.003798438927792212,10,sqrt,4,4,500,"{'max_depth': 10, 'max_features': 'sqrt', 'min_samples_leaf': 4, 'min_samples_split': 4, 'n_estimators': 500}",-6415.218014828818,-5965.189778414131,-6265.430415442306,-6885.228431126406,-6727.4352388040725,-6451.700375723147,327.6267118515867,65
0.12207484245300293,0.025513388139355705,0.00614619255065918,0.0007287996659486151,10,sqrt,4,10,100,"{'max_depth': 10, 'max_features': 'sqrt', 'min_samples_leaf': 4, 'min_samples_split': 10, 'n_estimators': 100}",-6445.606557844821,-5942.882517609117,-6344.689674796039,-6998.078124059496,-6670.767652996575,-6480.40490546121,350.0809629719016,81
0.23123536109924317,0.01742911807215774,0.010127401351928711,0.0006529273696135759,10,sqrt,4,10,200,"{'max_depth': 10, 'max_features': 'sqrt', 'min_samples_leaf': 4, 'min_samples_split': 10, 'n_estimators': 200}",-6444.695498526596,-5953.407601131304,-6226.254311508061,-7020.308867198448,-6661.502927828805,-6461.233841238643,364.97917146304064,73
0.533866024017334,0.032578079833970104,0.023044776916503907,0.002394493724451136,10,sqrt,4,10,500,"{'max_depth': 10, 'max_features': 'sqrt', 'min_samples_leaf': 4, 'min_samples_split': 10, 'n_estimators': 500}",-6473.78863758165,-5937.7618180706995,-6220.756796795325,-6898.481368348345,-6667.261365810534,-6439.60999732131,335.6499898915277,49
0.10612254142761231,0.006260816817175806,0.005446481704711914,0.00013450978694167184,10,sqrt,4,20,100,"{'max_depth': 10, 'max_features': 'sqrt', 'min_samples_leaf': 4, 'min_samples_split': 20, 'n_estimators': 100}",-7042.6258161238675,-6179.492381043499,-6759.018729233784,-7306.254612717992,-7111.968733579697,-6879.872054539768,391.738932079516,201
0.22283458709716797,0.011365191316640268,0.010689830780029297,0.0030888312131902955,10,sqrt,4,20,200,"{'max_depth': 10, 'max_features': 'sqrt', 'min_samples_leaf': 4, 'min_samples_split': 20, 'n_estimators': 200}",-6911.5212476652005,-6054.590558202972,-6779.325499789424,-7361.89966394498,-6927.08452718346,-6806.884299357206,424.2981030036886,169
0.584635877609253,0.11690416166538985,0.020935726165771485,0.0006077802856398337,10,sqrt,4,20,500,"{'max_depth': 10, 'max_features': 'sqrt', 'min_samples_leaf': 4, 'min_samples_split': 20, 'n_estimators': 500}",-6957.24108021297,-5989.346609630768,-6741.361025332657,-7209.84857407829,-6947.135812248052,-6768.986620300549,417.1661199790075,153
0.11726956367492676,0.018028727445444197,0.005652666091918945,0.00026932778319047176,20,0.5,1,4,100,"{'max_depth': 20, 'max_features': 0.5, 'min_samples_leaf': 1, 'min_samples_split': 4, 'n_estimators': 100}",-6578.455026455029,-5589.131497175141,-5447.521779538728,-6359.421422457015,-6971.279685474597,-6189.161882220103,583.4915982668612,25
0.21914172172546387,0.0032457347992773922,0.010175180435180665,0.0005839067438667895,20,0.5,1,4,200,"{'max_depth': 20, 'max_features': 0.5, 'min_samples_leaf': 1, 'min_samples_split': 4, 'n_estimators': 200}",-6688.900462962958,-5519.558405789125,-5466.783473353383,-6472.852907403333,-7063.154975909211,-6242.250045083602,640.3422195565139,43
0.5691448211669922,0.04081001743148997,0.025975370407104494,0.005345193836969942,20,0.5,1,4,500,"{'max_depth': 20, 'max_features': 0.5, 'min_samples_leaf': 1, 'min_samples_split': 4, 'n_estimators': 500}",-6736.7767977393105,-5423.4723158950255,-5406.5638540367345,-6400.470365152742,-7089.5089943013645,-6211.358465425035,685.774749762221,33
0.11969175338745117,0.023832849288632316,0.0065707206726074215,0.0019990152304284014,20,0.5,1,10,100,"{'max_depth': 20, 'max_features': 0.5, 'min_samples_leaf': 1, 'min_samples_split': 10, 'n_estimators': 100}",-6983.494990514413,-5495.726948446203,-5795.5732299388155,-6935.480354740273,-7365.450970365042,-6515.14529880095,731.5805442191853,113
0.23584771156311035,0.038050992842158814,0.009693717956542969,0.00047952790679463996,20,0.5,1,10,200,"{'max_depth': 20, 'max_features': 0.5, 'min_samples_leaf': 1, 'min_samples_split': 10, 'n_estimators': 200}",-7139.271437607532,-5576.061687796504,-5777.588758829469,-6904.055232076659,-7355.915010930177,-6550.578425448068,730.3791108688545,137
0.6145634174346923,0.1477292085167759,0.026839494705200195,0.01037118457155717,20,0.5,1,10,500,"{'max_depth': 20, 'max_features': 0.5, 'min_samples_leaf': 1, 'min_samples_split': 10, 'n_estimators': 500}",-7081.997097392597,-5537.624221997664,-5841.39275421959,-6783.496839362423,-7338.715594055212,-6516.645301405497,704.426041398093,119
0.10485706329345704,0.002354672006720242,0.005535221099853516,0.000192807770867495,20,0.5,1,20,100,"{'max_depth': 20, 'max_features': 0.5, 'min_samples_leaf': 1, 'min_samples_split': 20, 'n_estimators': 100}",-7278.510755518272,-5979.963462659225,-6778.423399726193,-7428.562269466385,-7155.484722771873,-6924.188922028389,518.8917976511003,209
0.21819572448730468,0.034927103465771596,0.010574150085449218,0.001717465715133356,20,0.5,1,20,200,"{'max_depth': 20, 'max_features': 0.5, 'min_samples_leaf': 1, 'min_samples_split': 20, 'n_estimators': 200}",-7258.559901949715,-5903.476774008421,-6671.891129500231,-7382.505182687061,-7059.534962889421,-6855.19359020697,533.2695348393404,193
0.5096166133880615,0.02780994685204165,0.02060103416442871,0.0005254309085718368,20,0.5,1,20,500,"{'max_depth': 20, 'max_features': 0.5, 'min_samples_leaf': 1, 'min_samples_split': 20, 'n_estimators': 500}",-7198.460160230942,-5955.915893474531,-6669.79791091985,-7235.4460641151645,-7088.716288338355,-6829.6672634157685,480.99286886467746,177
0.11341376304626465,0.008957409425115474,0.008011293411254884,0.0036459623168029888,20,0.5,2,4,100,"{'max_depth': 20, 'max_features': 0.5, 'min_samples_leaf': 2, 'min_samples_split': 4, 'n_estimators': 100}",-6383.820001757499,-5578.775911902313,-5797.014221436869,-6519.180261582332,-6637.023392110896,-6183.162757757982,417.9843823415798,19
0.2372878074645996,0.02241077186903085,0.010212850570678712,0.0005833127809840296,20,0.5,2,4,200,"{'max_depth': 20, 'max_features': 0.5, 'min_samples_leaf': 2, 'min_samples_split': 4, 'n_estimators': 200}",-6392.5476614888385,-5532.309994555622,-5664.2188596603355,-6573.475351189914,-6599.443447850235,-6152.399062948988,459.9251320802217,9
0.5826643466949463,0.03493823493484344,0.026260948181152342,0.006930241667572757,20,0.5,2,4,500,"{'max_depth': 20, 'max_features': 0.5, 'min_samples_leaf': 2, 'min_samples_split': 4, 'n_estimators': 500}",-6426.972731114206,-5496.613109847004,-5568.751213037905,-6621.349937298454,-6572.0706862168,-6137.151535502874,498.19022204468854,1
0.10917372703552246,0.004867911926809915,0.005591583251953125,0.0003782175250882511,20,0.5,2,10,100,"{'max_depth': 20, 'max_features': 0.5, 'min_samples_leaf': 2, 'min_samples_split': 10, 'n_estimators': 100}",-6716.540654584274,-5874.540050403735,-5959.61032353448,-6985.026151071723,-6876.863071934258,-6482.516050305694,470.28899748853746,89
0.21280412673950194,0.006857081484611138,0.009944009780883788,0.0005851520432351274,20,0.5,2,10,200,"{'max_depth': 20, 'max_features': 0.5, 'min_samples_leaf': 2, 'min_samples_split': 10, 'n_estimators': 200}",-6839.864777780693,-5787.155742440166,-6050.164849802127,-6984.536423888922,-6851.93122874737,-6502.730604531856,486.74439285987586,97
0.582154369354248,0.09919283245629242,0.02628169059753418,0.007716461295402229,20,0.5,2,10,500,"{'max_depth': 20, 'max_features': 0.5, 'min_samples_leaf': 2, 'min_samples_split': 10, 'n_estimators': 500}",-6799.247896890645,-5711.747183663311,-6057.530517815727,-6818.883698215961,-6845.205054052653,-6446.52287012766,471.8528105575047,59
0.10155887603759765,0.002878743125318849,0.005285501480102539,6.236293585926104e-05,20,0.5,2,20,100,"{'max_depth': 20, 'max_features': 0.5, 'min_samples_leaf': 2, 'min_samples_split': 20, 'n_estimators': 100}",-7156.790532049346,-5993.039281204967,-6781.856452481054,-7312.813179264832,-7001.674630819155,-6849.234815163871,462.67568602153045,185
0.209183931350708,0.004705250472439314,0.009493112564086914,0.00039793550761713336,20,0.5,2,20,200,"{'max_depth': 20, 'max_features': 0.5, 'min_samples_leaf': 2, 'min_samples_split': 20, 'n_estimators': 200}",-7039.097992754026,-5954.635793309403,-6735.829107517187,-7282.328588684245,-6896.201151419986,-6781.61852673697,450.8065065490373,161
0.5403330802917481,0.0220012550920309,0.021550893783569336,0.00021408910448086687,20,0.5,2,20,500,"{'max_depth': 20, 'max_features': 0.5, 'min_samples_leaf': 2, 'min_samples_split': 20, 'n_estimators': 500}",-7057.7006132825345,-5938.408139228096,-6706.8055137610845,-7157.452777918,-6895.514035170337,-6751.17621587201,434.14558912255563,145
0.10369749069213867,0.0035244843000821905,0.005949068069458008,0.0008541212330435397,20,0.5,4,4,100,"{'max_depth': 20, 'max_features': 0.5, 'min_samples_leaf': 4, 'min_samples_split': 4, 'n_estimators': 100}",-6389.941596383853,-6000.222030886632,-6499.431195972884,-6994.6923615144815,-6764.293580021557,-6529.716152955882,338.24475588086744,129
0.20473246574401854,0.0051839238380157835,0.010512685775756836,0.0023150345156818927,20,0.5,4,4,200,"{'max_depth': 20, 'max_features': 0.5, 'min_samples_leaf': 4, 'min_samples_split': 4, 'n_estimators': 200}",-6408.825655543179,-6049.301080468775,-6332.251619212864,-7014.00417699622,-6725.471523479709,-6505.970811140149,332.99887247614413,105
0.5482285022735596,0.043436103704537335,0.03048844337463379,0.015993188304127996,20,0.5,4,4,500,"{'max_depth': 20, 'max_features': 0.5, 'min_samples_leaf': 4, 'min_samples_split': 4, 'n_estimators': 500}",-6415.218014828818,-5965.189778414131,-6265.430415442306,-6886.061693244813,-6727.4352388040725,-6451.8670281468285,327.84732790300063,67
0.10420279502868653,0.00257472091535891,0.005510663986206055,0.00018090051756217598,20,0.5,4,10,100,"{'max_depth': 20, 'max_features': 0.5, 'min_samples_leaf': 4, 'min_samples_split': 10, 'n_estimators': 100}",-6445.606557844821,-5942.882517609117,-6344.689674796039,-6998.078124059496,-6670.767652996575,-6480.40490546121,350.0809629719016,81
0.2020326614379883,0.0028342813355044234,0.009319257736206055,0.000798666702732502,20,0.5,4,10,200,"{'max_depth': 20, 'max_features': 0.5, 'min_samples_leaf': 4, 'min_samples_split': 10, 'n_estimators': 200}",-6444.695498526596,-5953.407601131304,-6226.254311508061,-7020.308867198448,-6661.502927828805,-6461.233841238643,364.97917146304064,73
0.6181543350219727,0.0874006555313,0.021933937072753908,0.0015953236991257792,20,0.5,4,10,500,"{'max_depth': 20, 'max_features': 0.5, 'min_samples_leaf': 4, 'min_samples_split': 10, 'n_estimators': 500}",-6473.78863758165,-5937.7618180706995,-6220.756796795325,-6898.481368348345,-6667.261365810534,-6439.60999732131,335.6499898915277,49
0.09947433471679687,0.005347324236990522,0.005438470840454101,0.0008159486306437155,20,0.5,4,20,100,"{'max_depth': 20, 'max_features': 0.5, 'min_samples_leaf': 4, 'min_samples_split': 20, 'n_estimators': 100}",-7042.6258161238675,-6179.492381043499,-6759.018729233784,-7306.254612717992,-7111.968733579697,-6879.872054539768,391.738932079516,201
0.21445121765136718,0.013919559007903108,0.010031890869140626,0.0012675022719224715,20,0.5,4,20,200,"{'max_depth': 20, 'max_features': 0.5, 'min_samples_leaf': 4, 'min_samples_split': 20, 'n_estimators': 200}",-6911.5212476652005,-6054.590558202972,-6779.325499789424,-7361.89966394498,-6927.08452718346,-6806.884299357206,424.2981030036886,169
0.5116422653198243,0.02221449709609359,0.021420717239379883,0.0007364356186957678,20,0.5,4,20,500,"{'max_depth': 20, 'max_features': 0.5, 'min_samples_leaf': 4, 'min_samples_split': 20, 'n_estimators': 500}",-6957.24108021297,-5989.346609630768,-6741.361025332657,-7209.84857407829,-6947.135812248052,-6768.986620300549,417.1661199790075,153
0.11668524742126465,0.01501677403884349,0.006998968124389648,0.0027119508166424705,20,sqrt,1,4,100,"{'max_depth': 20, 'max_features': 'sqrt', 'min_samples_leaf': 1, 'min_samples_split': 4, 'n_estimators': 100}",-6578.455026455029,-5589.131497175141,-5447.521779538728,-6359.421422457015,-6971.279685474597,-6189.161882220103,583.4915982668612,25
0.2500144004821777,0.0714783314542073,0.009763622283935547,0.0006615455886669821,20,sqrt,1,4,200,"{'max_depth': 20, 'max_features': 'sqrt', 'min_samples_leaf': 1, 'min_samples_split': 4, 'n_estimators': 200}",-6688.900462962958,-5519.558405789125,-5466.783473353383,-6472.852907403333,-7063.154975909211,-6242.250045083602,640.3422195565139,43
0.621140718460083,0.07068202592466157,0.022748708724975586,0.0007126253079124826,20,sqrt,1,4,500,"{'max_depth': 20, 'max_features': 'sqrt', 'min_samples_leaf': 1, 'min_samples_split': 4, 'n_estimators': 500}",-6736.7767977393105,-5423.4723158950255,-5406.5638540367345,-6400.470365152742,-7089.5089943013645,-6211.358465425035,685.774749762221,33
0.10413527488708496,0.003791027907879259,0.005948543548583984,0.0010735723933583598,20,sqrt,1,10,100,"{'max_depth': 20, 'max_features': 'sqrt', 'min_samples_leaf': 1, 'min_samples_split': 10, 'n_estimators': 100}",-6983.494990514413,-5495.726948446203,-5795.5732299388155,-6935.480354740273,-7365.450970365042,-6515.14529880095,731.5805442191853,113
0.2194985866546631,0.025746429120669278,0.009392690658569337,0.0003110283960670915,20,sqrt,1,10,200,"{'max_depth': 20, 'max_features': 'sqrt', 'min_samples_leaf': 1, 'min_samples_split': 10, 'n_estimators': 200}",-7139.271437607532,-5576.061687796504,-5777.588758829469,-6904.055232076659,-7355.915010930177,-6550.578425448068,730.3791108688545,137
0.5374798774719238,0.024962059713764452,0.022088098526000976,0.0009393825312215745,20,sqrt,1,10,500,"{'max_depth': 20, 'max_features': 'sqrt', 'min_samples_leaf': 1, 'min_samples_split': 10, 'n_estimators': 500}",-7081.997097392597,-5537.624221997664,-5841.39275421959,-6783.496839362423,-7338.715594055212,-6516.645301405497,704.426041398093,119
0.10178990364074707,0.0006349510564780266,0.005383682250976562,6.982211734203824e-05,20,sqrt,1,20,100,"{'max_depth': 20, 'max_features': 'sqrt', 'min_samples_leaf': 1, 'min_samples_split': 20, 'n_estimators': 100}",-7278.510755518272,-5979.963462659225,-6778.423399726193,-7428.562269466385,-7155.484722771873,-6924.188922028389,518.8917976511003,209
0.22199182510375975,0.028329271518220525,0.011317825317382813,0.002381594754879682,20,sqrt,1,20,200,"{'max_depth': 20, 'max_features': 'sqrt', 'min_samples_leaf': 1, 'min_samples_split': 20, 'n_estimators': 200}",-7258.559901949715,-5903.476774008421,-6671.891129500231,-7382.505182687061,-7059.534962889421,-6855.19359020697,533.2695348393404,193
0.560526704788208,0.04946321235204922,0.019650793075561522,0.0015263734969608476,20,sqrt,1,20,500,"{'max_depth': 20, 'max_features': 'sqrt', 'min_samples_leaf': 1, 'min_samples_split': 20, 'n_estimators': 500}",-7198.460160230942,-5955.915893474531,-6669.79791091985,-7235.4460641151645,-7088.716288338355,-6829.6672634157685,480.99286886467746,177
0.1157496452331543,0.011124942422849496,0.005870962142944336,0.00026186074230293634,20,sqrt,2,4,100,"{'max_depth': 20, 'max_features': 'sqrt', 'min_samples_leaf': 2, 'min_samples_split': 4, 'n_estimators': 100}",-6383.820001757499,-5578.775911902313,-5797.014221436869,-6519.180261582332,-6637.023392110896,-6183.162757757982,417.9843823415798,19
0.23679232597351074,0.026312635630839645,0.011281204223632813,0.0017027053010272096,20,sqrt,2,4,200,"{'max_depth': 20, 'max_features': 'sqrt', 'min_samples_leaf': 2, 'min_samples_split': 4, 'n_estimators': 200}",-6392.5476614888385,-5532.309994555622,-5664.2188596603355,-6573.475351189914,-6599.443447850235,-6152.399062948988,459.9251320802217,9
0.5737267017364502,0.017629402827703245,0.0309783935546875,0.009979057314062376,20,sqrt,2,4,500,"{'max_depth': 20, 'max_features': 'sqrt', 'min_samples_leaf': 2, 'min_samples_split': 4, 'n_estimators': 500}",-6426.972731114206,-5496.613109847004,-5568.751213037905,-6621.349937298454,-6572.0706862168,-6137.151535502874,498.19022204468854,1
0.13152518272399902,0.03143970535177588,0.0065381526947021484,0.0021048895970931865,20,sqrt,2,10,100,"{'max_depth': 20, 'max_features': 'sqrt', 'min_samples_leaf': 2, 'min_samples_split': 10, 'n_estimators': 100}",-6716.540654584274,-5874.540050403735,-5959.61032353448,-6985.026151071723,-6876.863071934258,-6482.516050305694,470.28899748853746,89
0.22401189804077148,0.01754732079310698,0.010742616653442384,0.0019492086829144886,20,sqrt,2,10,200,"{'max_depth': 20, 'max_features': 'sqrt', 'min_samples_leaf': 2, 'min_samples_split': 10, 'n_estimators': 200}",-6839.864777780693,-5787.155742440166,-6050.164849802127,-6984.536423888922,-6851.93122874737,-6502.730604531856,486.74439285987586,97
0.5332939624786377,0.024341766839358105,0.02203855514526367,0.001437424775833744,20,sqrt,2,10,500,"{'max_depth': 20, 'max_features': 'sqrt', 'min_samples_leaf': 2, 'min_samples_split': 10, 'n_estimators': 500}",-6799.247896890645,-5711.747183663311,-6057.530517815727,-6818.883698215961,-6845.205054052653,-6446.52287012766,471.8528105575047,59
0.10177059173583984,0.002966526860136528,0.005346441268920898,0.00031679205492780643,20,sqrt,2,20,100,"{'max_depth': 20, 'max_features': 'sqrt', 'min_samples_leaf': 2, 'min_samples_split': 20, 'n_estimators': 100}",-7156.790532049346,-5993.039281204967,-6781.856452481054,-7312.813179264832,-7001.674630819155,-6849.234815163871,462.67568602153045,185
0.22445874214172362,0.039195367384997674,0.009461736679077149,0.0005383680642710983,20,sqrt,2,20,200,"{'max_depth': 20, 'max_features': 'sqrt', 'min_samples_leaf': 2, 'min_samples_split': 20, 'n_estimators': 200}",-7039.097992754026,-5954.635793309403,-6735.829107517187,-7282.328588684245,-6896.201151419986,-6781.61852673697,450.8065065490373,161
0.5213866233825684,0.009738598337732543,0.021651649475097658,0.0005852896825493932,20,sqrt,2,20,500,"{'max_depth': 20, 'max_features': 'sqrt', 'min_samples_leaf': 2, 'min_samples_split': 20, 'n_estimators': 500}",-7057.7006132825345,-5938.408139228096,-6706.8055137610845,-7157.452777918,-6895.514035170337,-6751.17621587201,434.14558912255563,145
0.11543712615966797,0.010714994549748415,0.006397056579589844,0.0017527666397335552,20,sqrt,4,4,100,"{'max_depth': 20, 'max_features': 'sqrt', 'min_samples_leaf': 4, 'min_samples_split': 4, 'n_estimators': 100}",-6389.941596383853,-6000.222030886632,-6499.431195972884,-6994.6923615144815,-6764.293580021557,-6529.716152955882,338.24475588086744,129
0.2123178482055664,0.007114698889970893,0.009609079360961914,0.0001168117320913418,20,sqrt,4,4,200,"{'max_depth': 20, 'max_features': 'sqrt', 'min_samples_leaf': 4, 'min_samples_split': 4, 'n_estimators': 200}",-6408.825655543179,-6049.301080468775,-6332.251619212864,-7014.00417699622,-6725.471523479709,-6505.970811140149,332.99887247614413,105
0.6227933406829834,0.10158851457353033,0.026293182373046876,0.008877517959775797,20,sqrt,4,4,500,"{'max_depth': 20, 'max_features': 'sqrt', 'min_samples_leaf': 4, 'min_samples_split': 4, 'n_estimators': 500}",-6415.218014828818,-5965.189778414131,-6265.430415442306,-6886.061693244813,-6727.4352388040725,-6451.8670281468285,327.84732790300063,67
0.10699567794799805,0.0032491771769537926,0.005518817901611328,0.0001010059515447269,20,sqrt,4,10,100,"{'max_depth': 20, 'max_features': 'sqrt', 'min_samples_leaf': 4, 'min_samples_split': 10, 'n_estimators': 100}",-6445.606557844821,-5942.882517609117,-6344.689674796039,-6998.078124059496,-6670.767652996575,-6480.40490546121,350.0809629719016,81
0.2183173656463623,0.009238572977927564,0.009597587585449218,0.0005227777038726776,20,sqrt,4,10,200,"{'max_depth': 20, 'max_features': 'sqrt', 'min_samples_leaf': 4, 'min_samples_split': 10, 'n_estimators': 200}",-6444.695498526596,-5953.407601131304,-6226.254311508061,-7020.308867198448,-6661.502927828805,-6461.233841238643,364.97917146304064,73
0.5095826148986816,0.012843391993575246,0.021706151962280273,0.0008164947614549,20,sqrt,4,10,500,"{'max_depth': 20, 'max_features': 'sqrt', 'min_samples_leaf': 4, 'min_samples_split': 10, 'n_estimators': 500}",-6473.78863758165,-5937.7618180706995,-6220.756796795325,-6898.481368348345,-6667.261365810534,-6439.60999732131,335.6499898915277,49
0.11357197761535645,0.01384881241154032,0.0060256004333496095,0.0011190920249094898,20,sqrt,4,20,100,"{'max_depth': 20, 'max_features': 'sqrt', 'min_samples_leaf': 4, 'min_samples_split': 20, 'n_estimators': 100}",-7042.6258161238675,-6179.492381043499,-6759.018729233784,-7306.254612717992,-7111.968733579697,-6879.872054539768,391.738932079516,201
0.2241875171661377,0.022020374313247576,0.010169458389282227,0.0011441851972896157,20,sqrt,4,20,200,"{'max_depth': 20, 'max_features': 'sqrt', 'min_samples_leaf': 4, 'min_samples_split': 20, 'n_estimators': 200}",-6911.5212476652005,-6054.590558202972,-6779.325499789424,-7361.89966394498,-6927.08452718346,-6806.884299357206,424.2981030036886,169
0.5439387321472168,0.05078359544582968,0.021924972534179688,0.0007789587501642984,20,sqrt,4,20,500,"{'max_depth': 20, 'max_features': 'sqrt', 'min_samples_leaf': 4, 'min_samples_split': 20, 'n_estimators': 500}",-6957.24108021297,-5989.346609630768,-6741.361025332657,-7209.84857407829,-6947.135812248052,-6768.986620300549,417.1661199790075,153
0.11781277656555175,0.008076191838983966,0.0057370662689208984,0.00011232749205973986,30,0.5,1,4,100,"{'max_depth': 30, 'max_features': 0.5, 'min_samples_leaf': 1, 'min_samples_split': 4, 'n_estimators': 100}",-6578.455026455029,-5589.131497175141,-5447.521779538728,-6359.421422457015,-6971.279685474597,-6189.161882220103,583.4915982668612,25
0.2415590763092041,0.0038600017654782798,0.01089162826538086,0.0013128859267368248,30,0.5,1,4,200,"{'max_depth': 30, 'max_features': 0.5, 'min_samples_leaf': 1, 'min_samples_split': 4, 'n_estimators': 200}",-6688.900462962958,-5519.558405789125,-5466.783473353383,-6472.852907403333,-7063.154975909211,-6242.250045083602,640.3422195565139,43
0.5599635601043701,0.021006465491799874,0.02202005386352539,0.0013271482125653629,30,0.5,1,4,500,"{'max_depth': 30, 'max_features': 0.5, 'min_samples_leaf': 1, 'min_samples_split': 4, 'n_estimators': 500}",-6736.7767977393105,-5423.4723158950255,-5406.5638540367345,-6400.470365152742,-7089.5089943013645,-6211.358465425035,685.774749762221,33
0.1161116123199463,0.02259642316851943,0.007068347930908203,0.0030072244723627897,30,0.5,1,10,100,"{'max_depth': 30, 'max_features': 0.5, 'min_samples_leaf': 1, 'min_samples_split': 10, 'n_estimators': 100}",-6983.494990514413,-5495.726948446203,-5795.5732299388155,-6935.480354740273,-7365.450970365042,-6515.14529880095,731.5805442191853,113
0.20941872596740724,0.0072275168648512755,0.010348081588745117,0.0011729543268555699,30,0.5,1,10,200,"{'max_depth': 30, 'max_features': 0.5, 'min_samples_leaf': 1, 'min_samples_split': 10, 'n_estimators': 200}",-7139.271437607532,-5576.061687796504,-5777.588758829469,-6904.055232076659,-7355.915010930177,-6550.578425448068,730.3791108688545,137
0.6191932678222656,0.07255440779850181,0.02703251838684082,0.008948657596983219,30,0.5,1,10,500,"{'max_depth': 30, 'max_features': 0.5, 'min_samples_leaf': 1, 'min_samples_split': 10, 'n_estimators': 500}",-7081.997097392597,-5537.624221997664,-5841.39275421959,-6783.496839362423,-7338.715594055212,-6516.645301405497,704.426041398093,119
0.10331087112426758,0.00388176889341041,0.005426025390625,0.00013881020426612632,30,0.5,1,20,100,"{'max_depth': 30, 'max_features': 0.5, 'min_samples_leaf': 1, 'min_samples_split': 20, 'n_estimators': 100}",-7278.510755518272,-5979.963462659225,-6778.423399726193,-7428.562269466385,-7155.484722771873,-6924.188922028389,518.8917976511003,209
0.20666804313659667,0.0038208872361664183,0.009687519073486328,0.0005368144881220451,30,0.5,1,20,200,"{'max_depth': 30, 'max_features': 0.5, 'min_samples_leaf': 1, 'min_samples_split': 20, 'n_estimators': 200}",-7258.559901949715,-5903.476774008421,-6671.891129500231,-7382.505182687061,-7059.534962889421,-6855.19359020697,533.2695348393404,193
0.5092013835906982,0.019678110606773443,0.02126784324645996,0.0014242326141216607,30,0.5,1,20,500,"{'max_depth': 30, 'max_features': 0.5, 'min_samples_leaf': 1, 'min_samples_split': 20, 'n_estimators': 500}",-7198.460160230942,-5955.915893474531,-6669.79791091985,-7235.4460641151645,-7088.716288338355,-6829.6672634157685,480.99286886467746,177
0.11300430297851563,0.00936938826512072,0.0053042411804199215,0.00043808227899288295,30,0.5,2,4,100,"{'max_depth': 30, 'max_features': 0.5, 'min_samples_leaf': 2, 'min_samples_split': 4, 'n_estimators': 100}",-6383.820001757499,-5578.775911902313,-5797.014221436869,-6519.180261582332,-6637.023392110896,-6183.162757757982,417.9843823415798,19
0.22988557815551758,0.008491241500388545,0.010702180862426757,0.0009455727424641523,30,0.5,2,4,200,"{'max_depth': 30, 'max_features': 0.5, 'min_samples_leaf': 2, 'min_samples_split': 4, 'n_estimators': 200}",-6392.5476614888385,-5532.309994555622,-5664.2188596603355,-6573.475351189914,-6599.443447850235,-6152.399062948988,459.9251320802217,9
0.5537306785583496,0.01781416024234845,0.02282099723815918,0.0010172484387868796,30,0.5,2,4,500,"{'max_depth': 30, 'max_features': 0.5, 'min_samples_leaf': 2, 'min_samples_split': 4, 'n_estimators': 500}",-6426.972731114206,-5496.613109847004,-5568.751213037905,-6621.349937298454,-6572.0706862168,-6137.151535502874,498.19022204468854,1
0.1348090648651123,0.022204768225251924,0.010143709182739259,0.00585187248233247,30,0.5,2,10,100,"{'max_depth': 30, 'max_features': 0.5, 'min_samples_leaf': 2, 'min_samples_split': 10, 'n_estimators': 100}",-6716.540654584274,-5874.540050403735,-5959.61032353448,-6985.026151071723,-6876.863071934258,-6482.516050305694,470.28899748853746,89
0.22536082267761232,0.018930162325389233,0.01092228889465332,0.00261712263720078,30,0.5,2,10,200,"{'max_depth': 30, 'max_features': 0.5, 'min_samples_leaf': 2, 'min_samples_split': 10, 'n_estimators': 200}",-6839.864777780693,-5787.155742440166,-6050.164849802127,-6984.536423888922,-6851.93122874737,-6502.730604531856,486.74439285987586,97
0.577142333984375,0.05235502510888625,0.021211814880371094,0.0016842989990849112,30,0.5,2,10,500,"{'max_depth': 30, 'max_features': 0.5, 'min_samples_leaf': 2, 'min_samples_split': 10, 'n_estimators': 500}",-6799.247896890645,-5711.747183663311,-6057.530517815727,-6818.883698215961,-6845.205054052653,-6446.52287012766,471.8528105575047,59
0.1035393238067627,0.0034284144267318407,0.005661439895629883,0.0005349250628771566,30,0.5,2,20,100,"{'max_depth': 30, 'max_features': 0.5, 'min_samples_leaf': 2, 'min_samples_split': 20, 'n_estimators': 100}",-7156.790532049346,-5993.039281204967,-6781.856452481054,-7312.813179264832,-7001.674630819155,-6849.234815163871,462.67568602153045,185
0.22967166900634767,0.04440290863114674,0.010916566848754883,0.0031029485763670226,30,0.5,2,20,200,"{'max_depth': 30, 'max_features': 0.5, 'min_samples_leaf': 2, 'min_samples_split': 20, 'n_estimators': 200}",-7039.097992754026,-5954.635793309403,-6735.829107517187,-7282.328588684245,-6896.201151419986,-6781.61852673697,450.8065065490373,161
0.547770357131958,0.06004166725843656,0.021475839614868163,0.0003271882503685488,30,0.5,2,20,500,"{'max_depth': 30, 'max_features': 0.5, 'min_samples_leaf': 2, 'min_samples_split': 20, 'n_estimators': 500}",-7057.7006132825345,-5938.408139228096,-6706.8055137610845,-7157.452777918,-6895.514035170337,-6751.17621587201,434.14558912255563,145
0.10799789428710938,0.004539815363605718,0.006062126159667969,0.0010237338939890338,30,0.5,4,4,100,"{'max_depth': 30, 'max_features': 0.5, 'min_samples_leaf': 4, 'min_samples_split': 4, 'n_estimators': 100}",-6389.941596383853,-6000.222030886632,-6499.431195972884,-6994.6923615144815,-6764.293580021557,-6529.716152955882,338.24475588086744,129
0.2144230842590332,0.007626031931205695,0.01075448989868164,0.0013995972712728933,30,0.5,4,4,200,"{'max_depth': 30, 'max_features': 0.5, 'min_samples_leaf': 4, 'min_samples_split': 4, 'n_estimators': 200}",-6408.825655543179,-6049.301080468775,-6332.251619212864,-7014.00417699622,-6725.471523479709,-6505.970811140149,332.99887247614413,105
0.5338427543640136,0.024769211128457112,0.02175445556640625,0.0012322041019352853,30,0.5,4,4,500,"{'max_depth': 30, 'max_features': 0.5, 'min_samples_leaf': 4, 'min_samples_split': 4, 'n_estimators': 500}",-6415.218014828818,-5965.189778414131,-6265.430415442306,-6886.061693244813,-6727.4352388040725,-6451.8670281468285,327.84732790300063,67
0.10411038398742675,0.003311114372056302,0.005629825592041016,0.00039274533835406363,30,0.5,4,10,100,"{'max_depth': 30, 'max_features': 0.5, 'min_samples_leaf': 4, 'min_samples_split': 10, 'n_estimators': 100}",-6445.606557844821,-5942.882517609117,-6344.689674796039,-6998.078124059496,-6670.767652996575,-6480.40490546121,350.0809629719016,81
0.22111115455627442,0.018829245084757657,0.009346961975097656,0.000804933099879885,30,0.5,4,10,200,"{'max_depth': 30, 'max_features': 0.5, 'min_samples_leaf': 4, 'min_samples_split': 10, 'n_estimators': 200}",-6444.695498526596,-5953.407601131304,-6226.254311508061,-7020.308867198448,-6661.502927828805,-6461.233841238643,364.97917146304064,73
0.5298073768615723,0.027995006940627936,0.023199176788330077,0.0030968664644959237,30,0.5,4,10,500,"{'max_depth': 30, 'max_features': 0.5, 'min_samples_leaf': 4, 'min_samples_split': 10, 'n_estimators': 500}",-6473.78863758165,-5937.7618180706995,-6220.756796795325,-6898.481368348345,-6667.261365810534,-6439.60999732131,335.6499898915277,49
0.11917734146118164,0.02274119404317856,0.005465841293334961,0.000556838555167663,30,0.5,4,20,100,"{'max_depth': 30, 'max_features': 0.5, 'min_samples_leaf': 4, 'min_samples_split': 20, 'n_estimators': 100}",-7042.6258161238675,-6179.492381043499,-6759.018729233784,-7306.254612717992,-7111.968733579697,-6879.872054539768,391.738932079516,201
0.21724343299865723,0.021493420679169154,0.011595773696899413,0.004109773686973593,30,0.5,4,20,200,"{'max_depth': 30, 'max_features': 0.5, 'min_samples_leaf': 4, 'min_samples_split': 20, 'n_estimators': 200}",-6911.5212476652005,-6054.590558202972,-6779.325499789424,-7361.89966394498,-6927.08452718346,-6806.884299357206,424.2981030036886,169
0.5616451740264893,0.04728678559730215,0.02272772789001465,0.0013158529557829241,30,0.5,4,20,500,"{'max_depth': 30, 'max_features': 0.5, 'min_samples_leaf': 4, 'min_samples_split': 20, 'n_estimators': 500}",-6957.24108021297,-5989.346609630768,-6741.361025332657,-7209.84857407829,-6947.135812248052,-6768.986620300549,417.1661199790075,153
0.13137407302856446,0.02532081292578441,0.006179523468017578,0.0013706908047516105,30,sqrt,1,4,100,"{'max_depth': 30, 'max_features': 'sqrt', 'min_samples_leaf': 1, 'min_samples_split': 4, 'n_estimators': 100}",-6578.455026455029,-5589.131497175141,-5447.521779538728,-6359.421422457015,-6971.279685474597,-6189.161882220103,583.4915982668612,25
0.25975189208984373,0.0636586202346611,0.01198873519897461,0.004167290122539343,30,sqrt,1,4,200,"{'max_depth': 30, 'max_features': 'sqrt', 'min_samples_leaf': 1, 'min_samples_split': 4, 'n_estimators': 200}",-6688.900462962958,-5519.558405789125,-5466.783473353383,-6472.852907403333,-7063.154975909211,-6242.250045083602,640.3422195565139,43
0.579145097732544,0.017492504683653032,0.025314807891845703,0.004051151169714356,30,sqrt,1,4,500,"{'max_depth': 30, 'max_features': 'sqrt', 'min_samples_leaf': 1, 'min_samples_split': 4, 'n_estimators': 500}",-6736.7767977393105,-5423.4723158950255,-5406.5638540367345,-6400.470365152742,-7089.5089943013645,-6211.358465425035,685.774749762221,33
0.11058297157287597,0.008491280822426646,0.005303239822387696,0.00024129225769325003,30,sqrt,1,10,100,"{'max_depth': 30, 'max_features': 'sqrt', 'min_samples_leaf': 1, 'min_samples_split': 10, 'n_estimators': 100}",-6983.494990514413,-5495.726948446203,-5795.5732299388155,-6935.480354740273,-7365.450970365042,-6515.14529880095,731.5805442191853,113
0.2243483543395996,0.013806490244031345,0.010505914688110352,0.0014645215157519742,30,sqrt,1,10,200,"{'max_depth': 30, 'max_features': 'sqrt', 'min_samples_leaf': 1, 'min_samples_split': 10, 'n_estimators': 200}",-7139.271437607532,-5576.061687796504,-5777.588758829469,-6904.055232076659,-7355.915010930177,-6550.578425448068,730.3791108688545,137
0.5765910625457764,0.06711006678748183,0.021839141845703125,0.000695192911073101,30,sqrt,1,10,500,"{'max_depth': 30, 'max_features': 'sqrt', 'min_samples_leaf': 1, 'min_samples_split': 10, 'n_estimators': 500}",-7081.997097392597,-5537.624221997664,-5841.39275421959,-6783.496839362423,-7338.715594055212,-6516.645301405497,704.426041398093,119
0.10864758491516113,0.007110647372553827,0.005784797668457031,0.0009123642664763178,30,sqrt,1,20,100,"{'max_depth': 30, 'max_features': 'sqrt', 'min_samples_leaf': 1, 'min_samples_split': 20, 'n_estimators': 100}",-7278.510755518272,-5979.963462659225,-6778.423399726193,-7428.562269466385,-7155.484722771873,-6924.188922028389,518.8917976511003,209
0.21057333946228027,0.005872277573779482,0.009643316268920898,0.0003892923207370868,30,sqrt,1,20,200,"{'max_depth': 30, 'max_features': 'sqrt', 'min_samples_leaf': 1, 'min_samples_split': 20, 'n_estimators': 200}",-7258.559901949715,-5903.476774008421,-6671.891129500231,-7382.505182687061,-7059.534962889421,-6855.19359020697,533.2695348393404,193
0.5469465255737305,0.04388605355238355,0.02467026710510254,0.008297625062833583,30,sqrt,1,20,500,"{'max_depth': 30, 'max_features': 'sqrt', 'min_samples_leaf': 1, 'min_samples_split': 20, 'n_estimators': 500}",-7198.460160230942,-5955.915893474531,-6669.79791091985,-7235.4460641151645,-7088.716288338355,-6829.6672634157685,480.99286886467746,177
0.10908288955688476,0.0023021953126241127,0.005769538879394531,0.00021491778077656123,30,sqrt,2,4,100,"{'max_depth': 30, 'max_features': 'sqrt', 'min_samples_leaf': 2, 'min_samples_split': 4, 'n_estimators': 100}",-6383.820001757499,-5578.775911902313,-5797.014221436869,-6519.180261582332,-6637.023392110896,-6183.162757757982,417.9843823415798,19
0.2232740879058838,0.008336156082639577,0.010243844985961915,0.0006164152236072992,30,sqrt,2,4,200,"{'max_depth': 30, 'max_features': 'sqrt', 'min_samples_leaf': 2, 'min_samples_split': 4, 'n_estimators': 200}",-6392.5476614888385,-5532.309994555622,-5664.2188596603355,-6573.475351189914,-6599.443447850235,-6152.399062948988,459.9251320802217,9
0.6016876697540283,0.06245045138950593,0.025568294525146484,0.003993856080379353,30,sqrt,2,4,500,"{'max_depth': 30, 'max_features': 'sqrt', 'min_samples_leaf': 2, 'min_samples_split': 4, 'n_estimators': 500}",-6426.972731114206,-5496.613109847004,-5568.751213037905,-6621.349937298454,-6572.0706862168,-6137.151535502874,498.19022204468854,1
0.12035951614379883,0.019744069656765072,0.005776548385620117,0.0006427256658876296,30,sqrt,2,10,100,"{'max_depth': 30, 'max_features': 'sqrt', 'min_samples_leaf': 2, 'min_samples_split': 10, 'n_estimators': 100}",-6716.540654584274,-5874.540050403735,-5959.61032353448,-6985.026151071723,-6876.863071934258,-6482.516050305694,470.28899748853746,89
0.22023348808288573,0.007706808293292071,0.010153055191040039,0.0008721085044286433,30,sqrt,2,10,200,"{'max_depth': 30, 'max_features': 'sqrt', 'min_samples_leaf': 2, 'min_samples_split': 10, 'n_estimators': 200}",-6839.864777780693,-5787.155742440166,-6050.164849802127,-6984.536423888922,-6851.93122874737,-6502.730604531856,486.74439285987586,97
0.5800726413726807,0.050388440789059914,0.0282651424407959,0.012278156497688339,30,sqrt,2,10,500,"{'max_depth': 30, 'max_features': 'sqrt', 'min_samples_leaf': 2, 'min_samples_split': 10, 'n_estimators': 500}",-6799.247896890645,-5711.747183663311,-6057.530517815727,-6818.883698215961,-6845.205054052653,-6446.52287012766,471.8528105575047,59
0.10860943794250488,0.006849098201250717,0.005701541900634766,0.00030120003296075246,30,sqrt,2,20,100,"{'max_depth': 30, 'max_features': 'sqrt', 'min_samples_leaf': 2, 'min_samples_split': 20, 'n_estimators': 100}",-7156.790532049346,-5993.039281204967,-6781.856452481054,-7312.813179264832,-7001.674630819155,-6849.234815163871,462.67568602153045,185
0.2182912826538086,0.00860041047951667,0.010275459289550782,0.0012332104850327815,30,sqrt,2,20,200,"{'max_depth': 30, 'max_features': 'sqrt', 'min_samples_leaf': 2, 'min_samples_split': 20, 'n_estimators': 200}",-7039.097992754026,-5954.635793309403,-6735.829107517187,-7282.328588684245,-6896.201151419986,-6781.61852673697,450.8065065490373,161
0.5219099044799804,0.014330754891151485,0.020701503753662108,0.0005208850167465771,30,sqrt,2,20,500,"{'max_depth': 30, 'max_features': 'sqrt', 'min_samples_leaf': 2, 'min_samples_split': 20, 'n_estimators': 500}",-7057.7006132825345,-5938.408139228096,-6706.8055137610845,-7157.452777918,-6895.514035170337,-6751.17621587201,434.14558912255563,145
0.11588621139526367,0.016589011078945573,0.0062446117401123045,0.0012301063224847248,30,sqrt,4,4,100,"{'max_depth': 30, 'max_features': 'sqrt', 'min_samples_leaf': 4, 'min_samples_split': 4, 'n_estimators': 100}",-6389.941596383853,-6000.222030886632,-6499.431195972884,-6994.6923615144815,-6764.293580021557,-6529.716152955882,338.24475588086744,129
0.21628766059875487,0.007517935608414724,0.010545730590820312,0.0020203552635451095,30,sqrt,4,4,200,"{'max_depth': 30, 'max_features': 'sqrt', 'min_samples_leaf': 4, 'min_samples_split': 4, 'n_estimators': 200}",-6408.825655543179,-6049.301080468775,-6332.251619212864,-7014.00417699622,-6725.471523479709,-6505.970811140149,332.99887247614413,105
0.5375235080718994,0.030116092171946822,0.021967983245849608,0.0006125823173941176,30,sqrt,4,4,500,"{'max_depth': 30, 'max_features': 'sqrt', 'min_samples_leaf': 4, 'min_samples_split': 4, 'n_estimators': 500}",-6415.218014828818,-5965.189778414131,-6265.430415442306,-6886.061693244813,-6727.4352388040725,-6451.8670281468285,327.84732790300063,67
0.1305372714996338,0.019148829249997338,0.00919933319091797,0.0037237736991629048,30,sqrt,4,10,100,"{'max_depth': 30, 'max_features': 'sqrt', 'min_samples_leaf': 4, 'min_samples_split': 10, 'n_estimators': 100}",-6445.606557844821,-5942.882517609117,-6344.689674796039,-6998.078124059496,-6670.767652996575,-6480.40490546121,350.0809629719016,81
0.21207118034362793,0.003919760609153903,0.009487581253051759,0.00024237287996591866,30,sqrt,4,10,200,"{'max_depth': 30, 'max_features': 'sqrt', 'min_samples_leaf': 4, 'min_samples_split': 10, 'n_estimators': 200}",-6444.695498526596,-5953.407601131304,-6226.254311508061,-7020.308867198448,-6661.502927828805,-6461.233841238643,364.97917146304064,73
0.5126851558685303,0.014479542919551568,0.016169261932373048,0.0028243684866529673,30,sqrt,4,10,500,"{'max_depth': 30, 'max_features': 'sqrt', 'min_samples_leaf': 4, 'min_samples_split': 10, 'n_estimators': 500}",-6473.78863758165,-5937.7618180706995,-6220.756796795325,-6898.481368348345,-6667.261365810534,-6439.60999732131,335.6499898915277,49
0.10912175178527832,0.006961957449127838,0.005929088592529297,0.0005938505655413213,30,sqrt,4,20,100,"{'max_depth': 30, 'max_features': 'sqrt', 'min_samples_leaf': 4, 'min_samples_split': 20, 'n_estimators': 100}",-7042.6258161238675,-6179.492381043499,-6759.018729233784,-7306.254612717992,-7111.968733579697,-6879.872054539768,391.738932079516,201
0.20895638465881347,0.008538388430612507,0.008643102645874024,0.0012214877486612424,30,sqrt,4,20,200,"{'max_depth': 30, 'max_features': 'sqrt', 'min_samples_leaf': 4, 'min_samples_split': 20, 'n_estimators': 200}",-6911.5212476652005,-6054.590558202972,-6779.325499789424,-7361.89966394498,-6927.08452718346,-6806.884299357206,424.2981030036886,169
0.4491847515106201,0.0242139131809428,0.012038516998291015,0.0013815374718003429,30,sqrt,4,20,500,"{'max_depth': 30, 'max_features': 'sqrt', 'min_samples_leaf': 4, 'min_samples_split': 20, 'n_estimators': 500}",-6957.24108021297,-5989.346609630768,-6741.361025332657,-7209.84857407829,-6947.135812248052,-6768.986620300549,417.1661199790075,153
